prompt,response
What is the UPYOG platform?,"UPYOG, or the Urban Platform for deliverY of Online Governance, is a national reference platform created to improve municipal service delivery across India. It supports digital transformation by providing a central system for services such as property tax, trade licenses, and grievance redressal."
What services are available on the UPYOG platform?,"UPYOG offers services including Property Tax Assessment, Trade License Issuance, Water & Sewerage Management, Grievance Redressal, Birth & Death Registration, and more. These modules help urban local bodies manage various citizen services efficiently."
How can a state adopt UPYOG?,"States can adopt UPYOG through three models: Greenfield (for states without e-governance), Brownfield (integrating existing systems), and Mature States (using standards-compliant APIs for data reporting). Each model is designed to suit different levels of digital readiness."
Who manages the UPYOG program?,"The Ministry of Housing and Urban Affairs sponsors UPYOG under the National Urban Digital Mission, with the National Institute of Urban Affairs as the anchor institution. State Program Directorates and Program Monitoring Units help oversee implementation at state and local levels."
How does UPYOG support transparency?,"UPYOG supports transparency through centralized data management, digital reporting standards, and open APIs. It enables states and urban local bodies to deliver services with accountability and easy citizen access to information."
Is there a way to access UPYOG data for research?,"Yes, UPYOG allows authorized access to aggregated data across states, enabling research and analysis to support urban policy development and service improvement."
What technologies does UPYOG use?,"UPYOG uses modern technologies like open APIs, cloud-based infrastructure, and a microservices architecture to provide scalable and adaptable solutions for urban governance."
How does UPYOG help with property tax collection?,"The UPYOG platform includes a module for property tax assessment and collection, enabling urban local bodies to streamline tax calculations, billing, and payments for citizens."
Can UPYOG handle grievance redressal?,"Yes, UPYOG includes a module for grievance redressal, allowing citizens to report issues and track resolution status through the platform, promoting accountability and efficiency."
Is UPYOG accessible on mobile devices?,"Yes, UPYOG is designed to be mobile-responsive, allowing citizens and administrators to access services and manage tasks from smartphones and tablets."
What is the role of ULBs in UPYOG?,"Urban Local Bodies (ULBs) are the main administrators of services on UPYOG. They manage property tax, water and sewerage connections, and other citizen services through the platform."
How does UPYOG improve citizen experience?,"UPYOG enhances citizen experience by making services accessible online, reducing the need for in-person visits, and providing a single portal for various services, thus improving convenience and transparency."
Does UPYOG support multiple languages?,"UPYOG is designed to be adaptable to multiple languages, making it accessible to citizens across diverse linguistic backgrounds."
How does UPYOG handle data privacy?,"UPYOG adheres to strict data privacy and security standards, ensuring that citizen data is protected and only accessible to authorized personnel."
How can a citizen pay their property tax on UPYOG?,"Citizens can log into the UPYOG portal, navigate to the Property Tax module, enter property details, view the bill, and make payments using available digital payment options."
Can UPYOG integrate with existing state systems?,"Yes, UPYOG can integrate with existing state systems using APIs, allowing states to retain their existing solutions while reporting data to the national dashboard."
What kind of reports can be generated from UPYOG?,"UPYOG allows urban local bodies to generate reports on revenue collection, application processing, service timelines, and other key performance metrics for strategic decision-making."
How does UPYOG assist in water and sewerage management?,"UPYOG has a dedicated module for water and sewerage services, enabling citizens to apply for connections, pay bills, and track usage efficiently."
What is the purpose of the National Urban Digital Mission?,"The National Urban Digital Mission aims to create a robust digital infrastructure for urban India, supporting the digital transformation of municipal governance and improving urban service delivery through platforms like UPYOG."
How can urban local bodies monitor service efficiency with UPYOG?,"Urban local bodies can use UPYOG’s analytics dashboard to monitor service delivery timelines, application processing efficiency, and citizen satisfaction levels."
Does UPYOG offer training for ULB officials?,"Yes, UPYOG provides training modules for ULB officials, helping them understand how to use the platform effectively and deliver services efficiently."
Can citizens track the status of their applications on UPYOG?,"Yes, citizens can log into UPYOG to track the status of their applications for services like property tax, trade licenses, and grievances in real-time."
How does UPYOG contribute to India's Smart Cities Mission?,"UPYOG supports the Smart Cities Mission by providing a unified digital platform for urban governance, aligning with goals of efficient service delivery, transparency, and enhanced citizen experience."
Is UPYOG a free platform?,"UPYOG is free for citizens to access, allowing them to avail various municipal services online. ULBs may have separate agreements for system setup and maintenance."
What is the role of NIUA in UPYOG?,"The National Institute of Urban Affairs (NIUA) is the anchor institution for UPYOG, supporting implementation, training, and continuous improvement of the platform."
Does UPYOG provide insights on revenue collection?,"Yes, UPYOG’s analytics dashboard includes insights on revenue collection, helping urban local bodies assess performance and identify areas for improvement."
How are issues like water bill discrepancies handled on UPYOG?,"Citizens can report issues like water bill discrepancies through the grievance module, and the relevant department will address the issue promptly."
Can UPYOG help in identifying service gaps?,"Yes, UPYOG’s data analytics and reporting capabilities help urban local bodies identify service gaps and focus on improving areas where service delivery is lagging."
How often is UPYOG data updated?,"UPYOG data is updated in real-time as urban local bodies process applications, payments, and other transactions, providing up-to-date insights for both citizens and administrators."
How can UPYOG support urban policy-making?,"UPYOG provides a data-driven approach to urban governance, enabling policy-makers to analyze trends, citizen feedback, and performance metrics to shape effective urban policies."
What are the benefits of UPYOG for small towns?,"UPYOG provides a standardized digital infrastructure for municipal governance, allowing small towns to access advanced technology solutions for better service delivery without high costs."
Does UPYOG work offline?,"UPYOG is primarily an online platform; however, data caching and certain offline features are being explored to support areas with intermittent connectivity."
Can private organizations access UPYOG?,"Currently, UPYOG is meant for government entities and public use. However, collaborations for research or public services may be considered on a case-by-case basis."
How secure is UPYOG?,"UPYOG employs stringent security measures including encryption, secure APIs, and compliance with data protection regulations to ensure secure and reliable operations."
Can I register a new business on UPYOG?,"Yes, UPYOG provides a Trade License module where you can apply for and track the status of business registrations in participating cities."
Is there a helpline for UPYOG?,"Yes, a dedicated helpline and support channels are available for UPYOG users, including guides, FAQs, and contact details for assistance."
How does UPYOG ensure timely service delivery?,"UPYOG includes timelines and service tracking for each module, helping officials manage and citizens track applications to ensure timely delivery."
Can UPYOG be customized for different states?,"Yes, UPYOG is highly customizable, allowing states to adapt specific modules to meet local requirements and regulations while maintaining core functionalities."
What type of citizen feedback is collected on UPYOG?,"Citizens can submit feedback on service quality, response times, and platform usability, which helps in continuous improvement of UPYOG services."
Does UPYOG support digital payments?,"UPYOG supports various digital payment methods, making it easier for citizens to pay for services like property tax and water bills online."
Can UPYOG track urban planning metrics?,"While UPYOG primarily focuses on service delivery, data collected can support urban planning and policy decisions based on service demand and citizen needs."
How are complaints managed on UPYOG?,"Complaints are assigned to the relevant department through the grievance redressal module, with status updates and resolutions tracked for transparency."
What is the user base of UPYOG?,"UPYOG is available to citizens across multiple states, serving millions and supporting thousands of ULB officials for streamlined governance."
How does UPYOG ensure fair billing?,"UPYOG calculates billing based on standardized parameters, ensuring transparent and fair billing processes for all citizens."
Can I apply for water and sewerage services on UPYOG?,"Yes, UPYOG provides a Water & Sewerage module where citizens can apply for new connections, pay bills, and manage their accounts."
